language,id,language,id
pt,11548,es,9353
pt,11513,es,
pt,11444,es,
pt,11571,es,9359
pt,11584,es,7892
pt,11546,es,9351
pt,11535,es,9355
pt,11511,es,
pt,11442,es,
pt,11480,es,
pt,11576,es,
pt,11544,es,9349
pt,11509,es,
pt,11440,es,
pt,11496,es,9332
pt,11578,es,
pt,11574,es,
pt,11542,es,9347
pt,11507,es,
pt,11439,es,
pt,11478,es,
pt,11484,es,9327
pt,11540,es,9345
pt,11505,es,
pt,11435,es,
pt,11493,es,9329
pt,11538,es,
pt,11567,es,
pt,11434,es,
pt,11503,es,
pt,11476,es,
pt,11515,es,
pt,11525,es,
pt,11517,es,
pt,11501,es,
pt,11499,es,
pt,11491,es,
pt,11432,es,
pt,11486,es,9254
pt,11467,es,
pt,11423,es,
pt,11364,es,
pt,11362,es,
pt,11360,es,9258
pt,11346,es,
pt,11342,es,
pt,11310,es,9314
pt,11307,es,9312
pt,11305,es,
pt,11302,es,
pt,11300,es,9310
pt,11298,es,
pt,11295,es,
pt,11287,es,
pt,11286,es,
pt,11285,es,
pt,11284,es,
pt,11283,es,
pt,11282,es,
pt,11280,es,
pt,11278,es,
pt,11275,es,
pt,11273,es,
pt,11271,es,
pt,11269,es,
pt,11265,es,
pt,11266,es,
pt,11263,es,
pt,11261,es,
pt,11259,es,
pt,11257,es,
pt,11255,es,
pt,11253,es,
pt,11322,es,
pt,11325,es,
pt,11329,es,
pt,11247,es,
pt,11245,es,9275
pt,11243,es,9272
pt,11239,es,9270
pt,11237,es,9268
pt,11234,es,9265
pt,11232,es,9262
pt,11230,es,9176
pt,11226,es,
pt,11014,es,
pt,11010,es,9174
pt,11012,es,
pt,11000,es,
pt,10998,es,
pt,10993,es,9162
pt,10995,es,
pt,10989,es,
pt,10986,es,
pt,10984,es,
pt,10982,es,9290
pt,10935,es,9102
pt,10955,es,
pt,10936,es,
pt,10934,es,9100
pt,10951,es,
pt,10948,es,
pt,10946,es,
pt,10944,es,
pt,10942,es,
pt,10940,es,
pt,10938,es,
pt,10932,es,9098
pt,10933,es,
pt,10929,es,
pt,10927,es,9132
pt,10925,es,9130
pt,10923,es,9128
pt,10921,es,9089
pt,10919,es,
pt,10917,es,
pt,10915,es,
pt,10904,es,9084
pt,10909,es,
pt,10902,es,
pt,10901,es,
pt,10887,es,
pt,10882,es,9288
pt,10880,es,
pt,10878,es,
pt,10875,es,9051
pt,10877,es,
pt,10871,es,
pt,10868,es,
pt,10866,es,9041
pt,10864,es,9087
pt,10861,es,9082
pt,10859,es,
pt,10857,es,
pt,10876,es,
pt,10874,es,9049
pt,10853,es,
pt,10850,es,
pt,10848,es,
pt,10846,es,
pt,10845,es,8998
pt,10839,es,
pt,10827,es,
pt,10825,es,
pt,10823,es,
pt,10821,es,
pt,10817,es,
pt,10815,es,
pt,10805,es,
pt,10800,es,8993
pt,10798,es,
pt,10791,es,
pt,10789,es,
pt,10787,es,
pt,10782,es,
pt,10797,es,
pt,10747,es,8940
pt,10766,es,
pt,10762,es,
pt,10796,es,
pt,10746,es,8938
pt,10759,es,8965
pt,10753,es,
pt,10745,es,8935
pt,10755,es,
pt,10748,es,
pt,10740,es,8933
pt,10737,es,
pt,10735,es,8951
pt,10733,es,8949
pt,10731,es,8947
pt,10729,es,8945
pt,10727,es,8943
pt,10725,es,8929
pt,10718,es,
pt,10713,es,
pt,10707,es,
pt,10705,es,8927
pt,10699,es,
pt,10694,es,
pt,10691,es,
pt,10689,es,8916
pt,10683,es,
pt,10679,es,
pt,10677,es,9285
pt,10671,es,
pt,10668,es,
pt,10665,es,8897
pt,10663,es,8895
pt,10661,es,8893
pt,10659,es,
pt,10657,es,8895
pt,10655,es,8893
pt,10653,es,9117
pt,10590,es,
pt,10586,es,
pt,10650,es,9108
pt,10644,es,8925
pt,10642,es,8910
pt,10640,es,
pt,10638,es,8890
pt,10636,es,
pt,10634,es,9080
pt,10589,es,
pt,10585,es,
pt,10630,es,8888
pt,10628,es,
pt,10627,es,
pt,10625,es,
pt,10623,es,
pt,10621,es,
pt,10619,es,
pt,10615,es,
pt,10612,es,9038
pt,10584,es,
pt,10588,es,
pt,10601,es,
pt,10593,es,9004
pt,10587,es,
pt,10575,es,8877
pt,10571,es,
pt,10567,es,9001
pt,10565,es,
pt,10563,es,8858
pt,10561,es,8856
pt,10510,es,8851
pt,10517,es,
pt,10553,es,8976
pt,10549,es,
pt,10546,es,8908
pt,10544,es,8906
pt,10542,es,8904
pt,10540,es,8902
pt,10515,es,
pt,10509,es,8849
pt,10530,es,
pt,10528,es,8844
pt,10526,es,8842
pt,10524,es,
pt,10511,es,
pt,10505,es,8847
pt,10499,es,
pt,10496,es,
pt,10494,es,
pt,10492,es,
pt,10490,es,
pt,10461,es,8840
pt,10458,es,
pt,10453,es,
pt,10452,es,8835
pt,10448,es,
pt,10445,es,8837
pt,10443,es,8819
pt,10441,es,8817
pt,10439,es,8815
pt,10424,es,
pt,10422,es,
pt,10417,es,8813
pt,10414,es,
pt,10412,es,8809
pt,10407,es,8831
pt,10359,es,
pt,10351,es,8792
pt,10405,es,8806
pt,10399,es,8829
pt,10391,es,
pt,10389,es,8923
pt,10360,es,
pt,10350,es,8794
pt,10385,es,
pt,10378,es,8921
pt,10348,es,8790
pt,10357,es,
pt,10373,es,8802
pt,10371,es,8919
pt,10369,es,
pt,10367,es,8827
pt,10365,es,8825
pt,10352,es,
pt,10349,es,8788
pt,10363,es,8899
pt,10283,es,8694
pt,10322,es,
pt,10338,es,8797
pt,10336,es,8785
pt,10334,es,8823
pt,10332,es,8821
pt,10330,es,8885
pt,10282,es,8693
pt,10321,es,
pt,10324,es,
pt,10320,es,8692
pt,10315,es,
pt,10358,es,
pt,10313,es,
pt,10308,es,8873
pt,10281,es,
pt,10302,es,
pt,10299,es,
pt,10297,es,8866
pt,10295,es,8778
pt,10293,es,8751
pt,10291,es,8750
pt,10274,es,8687
pt,10343,es,
pt,10272,es,8704
pt,10270,es,8702
pt,10268,es,8700
pt,10266,es,8698
pt,10262,es,
pt,10260,es,
pt,10189,es,8651
pt,10188,es,8650
pt,10255,es,8668
pt,10254,es,
pt,10251,es,
pt,10248,es,8684
pt,10247,es,8682
pt,10243,es,8680
pt,10241,es,
pt,10187,es,8649
pt,10237,es,
pt,10234,es,
pt,10231,es,
pt,10221,es,8678
pt,10219,es,
pt,10217,es,
pt,10186,es,8648
pt,10213,es,8662
pt,10204,es,
pt,10202,es,
pt,10199,es,
pt,10180,es,8642
pt,10197,es,
pt,10195,es,
pt,10193,es,
pt,10176,es,
pt,10174,es,
pt,10172,es,
pt,10170,es,
pt,10168,es,
pt,10166,es,
pt,10164,es,
pt,10162,es,
pt,10160,es,
pt,10158,es,
pt,10154,es,
pt,10150,es,
pt,10148,es,
pt,10051,es,8580
pt,10146,es,
pt,10144,es,
pt,10140,es,8640
pt,10136,es,8737
pt,10134,es,8734
pt,10132,es,8729
pt,10130,es,8727
pt,10128,es,8725
pt,10069,es,
pt,10123,es,
pt,10067,es,
pt,10050,es,8577
pt,10117,es,
pt,10116,es,
pt,10115,es,
pt,10114,es,
pt,10113,es,
pt,10112,es,
pt,10111,es,
pt,10110,es,
pt,10109,es,
pt,10108,es,
pt,10107,es,
pt,10106,es,
pt,10105,es,
pt,10091,es,
pt,10089,es,
pt,10087,es,
pt,10085,es,
pt,10083,es,
pt,10081,es,
pt,10077,es,
pt,10075,es,8622
pt,10073,es,8635
pt,10071,es,8616
pt,10054,es,
pt,10049,es,8575
pt,10060,es,8723
pt,10058,es,8721
pt,10056,es,8718
pt,10052,es,
pt,10044,es,8573
pt,10037,es,9153
pt,10035,es,
pt,10034,es,9151
pt,10024,es,8613
pt,10022,es,8637
pt,10019,es,8716
pt,10011,es,8571
pt,10017,es,
pt,10012,es,
pt,10010,es,8569
pt,10005,es,
pt,10002,es,8565
pt,10003,es,
pt,9997,es,8563
pt,9994,es,8714
pt,9992,es,8711
pt,9990,es,8709
pt,9986,es,8707
pt,9987,es,
pt,9982,es,
pt,9980,es,8620
pt,9978,es,
pt,9976,es,
pt,9974,es,
pt,9965,es,9338
pt,9962,es,
pt,9959,es,
pt,9956,es,
pt,9952,es,
pt,9950,es,8583
pt,9948,es,8504
pt,9946,es,8502
pt,9944,es,8500
pt,9939,es,9137
pt,9937,es,9135
pt,9935,es,9113
pt,9794,es,
pt,9784,es,8424
pt,9933,es,
pt,9930,es,
pt,9927,es,
pt,9924,es,
pt,9922,es,
pt,9920,es,
pt,9918,es,
pt,9916,es,
pt,9912,es,8459
pt,9910,es,
pt,9908,es,9110
pt,9880,es,
pt,9783,es,8423
pt,9793,es,
pt,9876,es,
pt,9873,es,
pt,9871,es,9092
pt,9863,es,
pt,9861,es,
pt,9859,es,8817
pt,9792,es,
pt,9782,es,8422
pt,9852,es,
pt,9850,es,
pt,9848,es,
pt,9846,es,
pt,9843,es,
pt,9791,es,
pt,9781,es,8421
pt,9840,es,
pt,9838,es,
pt,9834,es,
pt,9831,es,
pt,9829,es,
pt,9826,es,9095
pt,9774,es,
pt,9785,es,
pt,9816,es,
pt,9814,es,
pt,9812,es,
pt,9810,es,
pt,9806,es,
pt,9804,es,
pt,9765,es,8414
pt,9773,es,
pt,9801,es,9078
pt,9797,es,
pt,9795,es,
pt,9754,es,8135
pt,9751,es,7717
pt,9772,es,
pt,9764,es,8413
pt,9748,es,7715
pt,9742,es,
pt,9740,es,
pt,9738,es,
pt,9736,es,
pt,9734,es,8404
pt,9771,es,
pt,9763,es,8412
pt,9758,es,8407
pt,9731,es,
pt,9730,es,9076
pt,9726,es,
pt,9722,es,8866
pt,9766,es,
pt,9720,es,
pt,9717,es,
pt,9700,es,
pt,9692,es,8372
pt,9713,es,7713
pt,9711,es,
pt,9708,es,
pt,9704,es,
pt,9701,es,
pt,9699,es,
pt,9691,es,8371
pt,9698,es,
pt,9693,es,
pt,9690,es,8370
pt,9685,es,8365
pt,9683,es,9046
pt,9679,es,7657
pt,9674,es,7534
pt,9672,es,
pt,9670,es,
pt,9668,es,
pt,9663,es,9044
pt,9658,es,8348
pt,9656,es,
pt,9652,es,
pt,9650,es,
pt,9647,es,
pt,9644,es,
pt,9642,es,
pt,9640,es,
pt,9638,es,
pt,9608,es,8304
pt,9612,es,
pt,9631,es,
pt,9630,es,
pt,9627,es,
pt,9623,es,
pt,9620,es,
pt,9618,es,
pt,9611,es,
pt,9607,es,8303
pt,9616,es,
pt,9614,es,
pt,9610,es,
pt,9606,es,8302
pt,9609,es,
pt,9605,es,8301
pt,9601,es,8346
pt,9599,es,
pt,9591,es,
pt,9588,es,
pt,9586,es,
pt,9583,es,
pt,9575,es,
pt,9562,es,8297
pt,9568,es,
pt,9559,es,
pt,9557,es,8291
pt,9553,es,
pt,9550,es,
pt,9548,es,
pt,9546,es,
pt,9544,es,
pt,9541,es,
pt,9535,es,
pt,9531,es,
pt,9529,es,8267
pt,9530,es,
pt,9525,es,8344
pt,9523,es,
pt,9521,es,
pt,9517,es,8265
pt,9518,es,
pt,9513,es,
pt,9511,es,
pt,9509,es,
pt,9507,es,
pt,9504,es,
pt,9493,es,8259
pt,9498,es,
pt,9477,es,
pt,9476,es,
pt,9475,es,8258
pt,9474,es,8257
pt,9464,es,
pt,9462,es,
pt,9460,es,
pt,9456,es,
pt,9453,es,
pt,9448,es,
pt,9445,es,
pt,9443,es,
pt,9441,es,
pt,9439,es,
pt,9437,es,
pt,9435,es,8342
pt,9427,es,
pt,9424,es,8250
pt,9426,es,
pt,9423,es,8249
pt,9413,es,
pt,9410,es,
pt,9403,es,
pt,9401,es,
pt,9400,es,
pt,9398,es,
pt,9387,es,
pt,9384,es,
pt,9373,es,8238
pt,9369,es,
pt,9367,es,
pt,9363,es,
pt,9356,es,
pt,9358,es,8151
pt,9359,es,
pt,9347,es,8150
pt,9348,es,
pt,9342,es,
pt,9340,es,
pt,9337,es,
pt,9335,es,
pt,9333,es,
pt,9332,es,
pt,9331,es,8138
pt,9328,es,
pt,9324,es,
pt,9322,es,
pt,9319,es,
pt,9317,es,
pt,9310,es,
pt,9308,es,
pt,9304,es,
pt,9302,es,
pt,9297,es,
pt,9292,es,
pt,9287,es,8129
pt,9284,es,
pt,9212,es,
pt,9192,es,7984
pt,9280,es,8339
pt,9277,es,
pt,9275,es,
pt,9273,es,
pt,9271,es,
pt,9269,es,
pt,9267,es,
pt,9265,es,7112
pt,9262,es,6954
pt,9259,es,6952
pt,9257,es,6836
pt,9255,es,
pt,9252,es,
pt,9250,es,
pt,9248,es,
pt,9246,es,
pt,9244,es,
pt,9242,es,
pt,9240,es,
pt,9238,es,
pt,9236,es,
pt,9191,es,7983
pt,9211,es,
pt,9230,es,7992
pt,9228,es,
pt,9226,es,
pt,9190,es,7982
pt,9209,es,
pt,9206,es,
pt,9204,es,
pt,9202,es,
pt,9193,es,
pt,9185,es,7977
pt,9182,es,
pt,9179,es,
pt,9175,es,
pt,9173,es,
pt,9171,es,
pt,9091,es,7850
pt,9101,es,
pt,9165,es,
pt,9162,es,
pt,9160,es,7974
pt,9100,es,
pt,9090,es,7849
pt,9154,es,7911
pt,9151,es,
pt,9149,es,
pt,9147,es,
pt,9144,es,7898
pt,9089,es,7848
pt,9099,es,
pt,9141,es,
pt,9139,es,
pt,9135,es,
pt,9133,es,
pt,9098,es,
pt,9083,es,7847
pt,9127,es,
pt,9125,es,
pt,9121,es,7896
pt,9119,es,
pt,9117,es,
pt,9115,es,
pt,9072,es,7841
pt,9092,es,
pt,9104,es,
pt,9085,es,7856
pt,9068,es,
pt,9065,es,
pt,9034,es,7811
pt,9061,es,
pt,9033,es,7810
pt,9055,es,
pt,9052,es,9278
pt,9035,es,
pt,9032,es,7809
pt,9021,es,8742
pt,9027,es,
pt,9022,es,7804
pt,9019,es,7719
pt,9015,es,
pt,9011,es,
pt,8999,es,
pt,8997,es,
pt,8994,es,
pt,8992,es,
pt,8991,es,7704
pt,8988,es,
pt,8986,es,
pt,8983,es,7701
pt,8984,es,
pt,8975,es,7698
pt,8973,es,
pt,8967,es,
pt,8965,es,
pt,8956,es,7684
pt,8957,es,
pt,8945,es,7678
pt,8950,es,
pt,8933,es,7668
pt,8932,es,7667
pt,8943,es,
pt,8939,es,
pt,8931,es,7666
pt,8934,es,
pt,8922,es,7661
pt,8918,es,
pt,8916,es,
pt,8913,es,
pt,8911,es,
pt,8908,es,
pt,8905,es,
pt,8903,es,
pt,8901,es,
pt,8898,es,
pt,8896,es,
pt,8722,es,
pt,8717,es,7581
pt,8873,es,8470
pt,8888,es,
pt,8886,es,
pt,8884,es,
pt,8882,es,
pt,8880,es,
pt,8716,es,7580
pt,8721,es,
pt,8877,es,
pt,8875,es,
pt,8863,es,
pt,8861,es,
pt,8858,es,
pt,8856,es,
pt,8854,es,
pt,8850,es,
pt,8848,es,
pt,8846,es,
pt,8715,es,7577
pt,8720,es,
pt,8841,es,
pt,8825,es,
pt,8823,es,
pt,8816,es,8653
pt,8714,es,7578
pt,8719,es,
pt,8813,es,
pt,8718,es,
pt,8703,es,7571
pt,8795,es,
pt,8793,es,7631
pt,8611,es,7556
pt,8620,es,
pt,8647,es,
pt,8645,es,
pt,8644,es,
pt,8619,es,
pt,8610,es,7555
pt,8640,es,
pt,8638,es,
pt,8636,es,
pt,8634,es,
pt,8606,es,7551
pt,8614,es,
pt,8632,es,
pt,8625,es,
pt,8622,es,
pt,8604,es,
pt,8602,es,7549
pt,8599,es,
pt,8596,es,
pt,8593,es,
pt,8544,es,
pt,8533,es,7429
pt,8590,es,
pt,8588,es,
pt,8586,es,7457
pt,8543,es,
pt,8532,es,7428
pt,8573,es,
pt,8571,es,
pt,8569,es,
pt,8542,es,
pt,8530,es,7427
pt,8561,es,
pt,8557,es,7467
pt,8541,es,
pt,8529,es,7426
pt,8554,es,
pt,8550,es,
pt,8547,es,
pt,8545,es,7675
pt,8540,es,
pt,8518,es,7420
pt,8512,es,
pt,8507,es,7419
pt,8511,es,
pt,8510,es,
pt,8508,es,
pt,8501,es,7416
pt,8502,es,
pt,8497,es,
pt,8495,es,7413
pt,8493,es,7409
pt,8473,es,
pt,8491,es,
pt,8484,es,
pt,8482,es,
pt,8488,es,7407
pt,8480,es,
pt,8478,es,
pt,8475,es,
pt,8470,es,
pt,8467,es,7390
pt,8469,es,
pt,8468,es,
pt,8466,es,7389
pt,8461,es,
pt,8458,es,
pt,8455,es,
pt,8451,es,
pt,8435,es,
pt,8449,es,
pt,8439,es,7383
pt,8444,es,
pt,8438,es,7378
pt,8436,es,
pt,8426,es,
pt,8423,es,7411
pt,8311,es,7308
pt,8322,es,
pt,8420,es,
pt,8418,es,7370
pt,8415,es,
pt,8413,es,7367
pt,8310,es,7307
pt,8321,es,
pt,8408,es,
pt,8406,es,
pt,8404,es,
pt,8402,es,
pt,8395,es,
pt,8393,es,
pt,8391,es,
pt,8389,es,
pt,8387,es,
pt,8385,es,
pt,8383,es,
pt,8381,es,
pt,8379,es,
pt,8376,es,
pt,8374,es,
pt,8372,es,
pt,8369,es,
pt,8367,es,
pt,8363,es,
pt,8361,es,
pt,8359,es,
pt,8345,es,
pt,8343,es,
pt,8309,es,7306
pt,8320,es,
pt,8341,es,7338
pt,8339,es,
pt,8323,es,7314
pt,8308,es,7305
pt,8318,es,
pt,8312,es,
pt,8302,es,7294
pt,8295,es,
pt,8299,es,
pt,8297,es,
pt,8290,es,7312
pt,8288,es,
pt,8262,es,7252
pt,8278,es,
pt,8285,es,
pt,8283,es,
pt,8281,es,
pt,8279,es,7852
pt,8277,es,7251
pt,8276,es,
pt,8275,es,
pt,8274,es,
pt,8273,es,
pt,8272,es,
pt,8263,es,
pt,8261,es,
pt,8260,es,7250
pt,8259,es,7249
pt,8258,es,7248
pt,8257,es,7247
pt,8256,es,7246
pt,8247,es,7237
pt,8243,es,
pt,8241,es,
pt,8237,es,7233
pt,8227,es,
pt,8225,es,
pt,8222,es,
pt,8218,es,
pt,8216,es,
pt,8213,es,
pt,8203,es,
pt,8201,es,
pt,8199,es,
pt,8191,es,
pt,8188,es,
pt,8184,es,
pt,8182,es,
pt,8171,es,
pt,8145,es,
pt,8143,es,7152
pt,8142,es,7151
pt,8144,es,
pt,8162,es,
pt,8157,es,
pt,8154,es,
pt,8140,es,7150
pt,8141,es,
pt,8150,es,
pt,8147,es,
pt,8139,es,
pt,8138,es,7149
pt,8137,es,
pt,8125,es,7142
pt,8121,es,
pt,8119,es,7135
pt,8116,es,7133
pt,8114,es,7131
pt,8113,es,7129
pt,8110,es,7127
pt,8108,es,7123
pt,8106,es,7121
pt,8104,es,
pt,8098,es,
pt,8090,es,
pt,8087,es,
pt,8023,es,6985
pt,8032,es,
pt,8076,es,7112
pt,8054,es,
pt,8021,es,6984
pt,8031,es,
pt,8052,es,
pt,8030,es,
pt,8019,es,6983
pt,8047,es,8992
pt,8017,es,6978
pt,8025,es,
pt,8034,es,
pt,7965,es,
pt,7954,es,6934
pt,7957,es,6933
pt,7963,es,
pt,8012,es,
pt,8009,es,
pt,8007,es,
pt,8005,es,
pt,8002,es,
pt,8000,es,
pt,7998,es,
pt,7995,es,
pt,7993,es,
pt,7956,es,6932
pt,7960,es,
pt,7990,es,6954
pt,7987,es,
pt,7958,es,
pt,7947,es,6925
pt,7977,es,
pt,7887,es,
pt,7874,es,6856
pt,7975,es,
pt,7972,es,
pt,7970,es,
pt,7886,es,
pt,7873,es,6853
pt,7940,es,
pt,7936,es,
pt,7933,es,
pt,7953,es,
pt,7885,es,
pt,7872,es,6852
pt,7926,es,
pt,7924,es,
pt,7916,es,
pt,7914,es,
pt,7911,es,
pt,7952,es,
pt,7906,es,
pt,7884,es,
pt,7871,es,6849
pt,7899,es,
pt,7897,es,
pt,7895,es,
pt,7883,es,
pt,7870,es,6847
pt,7863,es,
pt,7862,es,
pt,7860,es,
pt,7859,es,
pt,7797,es,6846
pt,7842,es,
pt,7839,es,
pt,7836,es,
pt,7834,es,
pt,7795,es,6845
pt,7831,es,7311
pt,7828,es,6836
pt,7819,es,
pt,7812,es,
pt,7801,es,
pt,7790,es,6844
pt,7792,es,
pt,7789,es,
pt,7782,es,6839
pt,7781,es,
pt,7733,es,
pt,7753,es,
pt,7751,es,
pt,7748,es,
pt,7743,es,7229
pt,7741,es,7153
pt,7739,es,6759
pt,7736,es,
pt,7731,es,6766
pt,7729,es,
pt,7727,es,
pt,7725,es,
pt,7671,es,
pt,7721,es,
pt,7669,es,
pt,7680,es,
pt,7678,es,7116
pt,7676,es,
pt,7674,es,
pt,7657,es,
pt,7655,es,
pt,7640,es,
pt,7643,es,
pt,7650,es,7051
pt,7648,es,
pt,7646,es,
pt,7636,es,
pt,7634,es,
pt,7631,es,
pt,7629,es,
pt,7622,es,
pt,7618,es,
pt,7616,es,
pt,7604,es,
pt,7602,es,
pt,7613,es,
pt,7611,es,
pt,7607,es,
pt,7598,es,
pt,7597,es,
pt,7596,es,
pt,7590,es,
pt,7588,es,
pt,7584,es,
pt,7500,es,
pt,7490,es,
pt,7581,es,
pt,7580,es,
pt,7579,es,
pt,7578,es,
pt,7577,es,
pt,7569,es,
pt,7566,es,
pt,7563,es,
pt,7560,es,
pt,7558,es,
pt,7556,es,
pt,7499,es,
pt,7489,es,
pt,7543,es,
pt,7540,es,
pt,7538,es,
pt,7536,es,
pt,7488,es,
pt,7498,es,
pt,7519,es,
pt,7516,es,
pt,7514,es,
pt,7512,es,
pt,7509,es,8246
pt,7497,es,
pt,7487,es,
pt,6985,es,
pt,7506,es,
pt,7504,es,
pt,7502,es,
pt,7491,es,
pt,7481,es,
pt,7478,es,
pt,7476,es,
pt,7474,es,
pt,7472,es,
pt,7470,es,
pt,7468,es,
pt,7466,es,
pt,7463,es,
pt,7461,es,
pt,7459,es,
pt,7457,es,
pt,7455,es,
pt,7450,es,
pt,7448,es,
pt,7446,es,
pt,7444,es,
pt,7442,es,
pt,7440,es,
pt,7438,es,
pt,7436,es,
pt,7434,es,
pt,7432,es,
pt,7430,es,
pt,7421,es,
pt,7419,es,
pt,7417,es,
pt,7415,es,
pt,7413,es,
pt,7409,es,
pt,7406,es,
pt,6986,es,
pt,7403,es,
pt,7401,es,
pt,7399,es,
pt,7394,es,
pt,7392,es,
pt,7390,es,
pt,7388,es,
pt,7386,es,
pt,7384,es,
pt,7382,es,
pt,7375,es,
pt,7373,es,
pt,7370,es,
pt,7274,es,
pt,7266,es,
pt,6988,es,
pt,7367,es,
pt,7364,es,
pt,7315,es,
pt,7313,es,
pt,7311,es,
pt,7309,es,
pt,7300,es,
pt,7297,es,
pt,7272,es,
pt,7265,es,
pt,6990,es,
pt,7294,es,
pt,7292,es,
pt,7290,es,
pt,7287,es,
pt,7288,es,
pt,7281,es,
pt,7280,es,
pt,7279,es,
pt,7264,es,
pt,7270,es,
pt,7268,es,
pt,7260,es,
pt,7253,es,
pt,7256,es,
pt,6992,es,
pt,7242,es,
pt,7245,es,
pt,6994,es,
pt,7218,es,
pt,7167,es,8147
pt,6996,es,
pt,6998,es,
pt,7000,es,
pt,6983,es,
pt,7002,es,
pt,7004,es,
pt,7006,es,
pt,7008,es,
pt,7010,es,
pt,7012,es,
pt,7014,es,
pt,7016,es,
pt,7018,es,
pt,7020,es,
pt,7022,es,
pt,7024,es,
pt,7026,es,
pt,7028,es,
pt,7030,es,
pt,7032,es,
pt,7034,es,
pt,7036,es,
pt,7038,es,
pt,7040,es,
pt,7042,es,
pt,7044,es,
pt,7046,es,
pt,7048,es,
pt,7050,es,
pt,7052,es,
pt,7054,es,
pt,7056,es,
pt,7058,es,
pt,7060,es,
pt,7062,es,
pt,7064,es,
pt,7066,es,
pt,7068,es,
pt,7070,es,
pt,7072,es,
pt,7074,es,
pt,7075,es,
pt,7077,es,
pt,7079,es,
pt,7081,es,
pt,7083,es,
pt,7085,es,
pt,7087,es,
pt,7089,es,
pt,6739,es,
pt,6741,es,
pt,6732,es,
pt,6696,es,
pt,6704,es,
pt,6712,es,
pt,6718,es,
pt,6725,es,
pt,6743,es,
pt,6745,es,
pt,6735,es,
pt,6737,es,
pt,6622,es,
pt,6638,es,
pt,6618,es,
pt,6620,es,
pt,6593,es,
pt,6595,es,
pt,6571,es,
pt,6573,es,
pt,6565,es,
pt,6546,es,
pt,6548,es,
pt,6540,es,
pt,6417,es,
pt,6415,es,
pt,6419,es,
pt,6421,es,
pt,6423,es,
pt,6425,es,
pt,6427,es,
pt,6429,es,
pt,6431,es,
pt,6597,es,
pt,6435,es,
pt,6433,es,
pt,6437,es,
pt,6439,es,
pt,6441,es,
pt,6443,es,
pt,6445,es,
pt,6447,es,
pt,82,es,
pt,1343,es,
pt,1341,es,
pt,1357,es,
pt,1345,es,
pt,1347,es,
pt,1349,es,
pt,1359,es,
pt,1351,es,
pt,1353,es,
pt,88,es,
pt,1361,es,
pt,1363,es,
pt,1365,es,
pt,1367,es,
pt,1369,es,
pt,1371,es,
pt,1355,es,
pt,1377,es,
pt,1385,es,
pt,95,es,
pt,1379,es,
pt,1386,es,
pt,1373,es,
pt,97,es,
pt,1381,es,
pt,1388,es,
pt,1383,es,
pt,1375,es,
pt,1390,es,
pt,1392,es,
pt,1414,es,
pt,1406,es,
pt,1394,es,
pt,1396,es,
pt,1398,es,
pt,1400,es,
pt,1408,es,
pt,1416,es,
pt,1402,es,
pt,84,es,
pt,1418,es,
pt,1410,es,
pt,92,es,
pt,1404,es,
pt,1424,es,
pt,1412,es,
pt,1420,es,
pt,1422,es,
pt,1426,es,
pt,1428,es,
pt,1430,es,
pt,1432,es,
pt,1500,es,
pt,1510,es,
pt,1434,es,
pt,1438,es,
pt,1446,es,
pt,1452,es,
pt,1454,es,
pt,1456,es,
pt,1458,es,
pt,1460,es,
pt,1484,es,
pt,1462,es,
pt,1464,es,
pt,1466,es,
pt,1468,es,
pt,1470,es,
pt,1472,es,
pt,1502,es,
pt,1552,es,
pt,90,es,
pt,1474,es,
pt,99,es,
pt,1476,es,
pt,1478,es,
pt,1504,es,
pt,1554,es,
pt,230,es,7396
pt,1480,es,
pt,1482,es,
pt,1506,es,
pt,1508,es,
pt,116,es,
pt,1496,es,
pt,106,es,
pt,108,es,
pt,110,es,
pt,112,es,
pt,127,es,
pt,114,es,
pt,118,es,
pt,120,es,
pt,122,es,
pt,124,es,
pt,86,es,
pt,1486,es,
pt,1498,es,
pt,1488,es,
pt,1490,es,
pt,1492,es,
pt,1494,es,
pt,1558,es,
pt,1582,es,
pt,129,es,
pt,133,es,
pt,220,es,
pt,1512,es,
pt,1514,es,
pt,1516,es,
pt,1518,es,
pt,1520,es,
pt,1522,es,
pt,135,es,
pt,1584,es,
pt,1524,es,
pt,1526,es,
pt,1528,es,
pt,137,es,
pt,139,es,
pt,142,es,
pt,145,es,
pt,148,es,
pt,151,es,
pt,1570,es,
pt,1530,es,
pt,153,es,
pt,1596,es,
pt,1556,es,
pt,1532,es,
pt,1534,es,
pt,1536,es,
pt,1538,es,
pt,1540,es,
pt,1542,es,
pt,1544,es,
pt,1546,es,
pt,1548,es,
pt,1550,es,
pt,1598,es,
pt,1560,es,
pt,1562,es,
pt,1564,es,
pt,1566,es,
pt,1568,es,
pt,1572,es,
pt,1574,es,
pt,1576,es,
pt,1578,es,
pt,1580,es,
pt,1586,es,
pt,156,es,
pt,1600,es,
pt,1604,es,
pt,1602,es,
pt,1588,es,
pt,1590,es,
pt,1592,es,
pt,1594,es,
pt,1622,es,
pt,1664,es,
pt,1682,es,
pt,1684,es,
pt,1606,es,
pt,1608,es,
pt,1610,es,
pt,1612,es,
pt,1614,es,
pt,1620,es,
pt,1694,es,
pt,1616,es,
pt,1618,es,
pt,1624,es,
pt,1626,es,
pt,1628,es,
pt,1630,es,
pt,1632,es,
pt,1634,es,
pt,1636,es,
pt,1638,es,
pt,1640,es,
pt,1642,es,
pt,1644,es,
pt,1646,es,
pt,1648,es,
pt,1650,es,
pt,1652,es,
pt,1654,es,
pt,1656,es,
pt,1658,es,
pt,1660,es,
pt,1662,es,
pt,1696,es,
pt,1666,es,
pt,1668,es,
pt,339,es,
pt,1672,es,
pt,1674,es,
pt,1676,es,
pt,1678,es,
pt,1700,es,
pt,1680,es,
pt,1698,es,
pt,1686,es,
pt,1688,es,
pt,1690,es,
pt,1692,es,
pt,1702,es,
pt,1704,es,
pt,1706,es,
pt,1758,es,
pt,1772,es,
pt,1774,es,
pt,1708,es,
pt,1710,es,
pt,1712,es,
pt,1714,es,
pt,1716,es,
pt,1718,es,
pt,1720,es,
pt,1722,es,
pt,1724,es,
pt,1726,es,
pt,1728,es,
pt,1730,es,
pt,1732,es,
pt,1734,es,
pt,1736,es,
pt,160,es,
pt,162,es,
pt,1738,es,
pt,103,es,
pt,1740,es,
pt,1880,es,
pt,1742,es,
pt,1744,es,
pt,1746,es,
pt,1748,es,
pt,1776,es,
pt,1750,es,
pt,1752,es,
pt,1754,es,
pt,1756,es,
pt,1760,es,
pt,1762,es,
pt,1882,es,
pt,1780,es,
pt,1764,es,
pt,1766,es,
pt,1768,es,
pt,1770,es,
pt,1778,es,
pt,1792,es,
pt,1794,es,
pt,1836,es,
pt,1782,es,
pt,1784,es,
pt,1786,es,
pt,1788,es,
pt,1790,es,
pt,1796,es,
pt,1798,es,
pt,1800,es,
pt,1802,es,
pt,1804,es,
pt,1806,es,
pt,1808,es,
pt,1810,es,
pt,1812,es,
pt,1814,es,
pt,1816,es,
pt,1818,es,
pt,1820,es,
pt,1822,es,
pt,1824,es,
pt,1826,es,
pt,1884,es,
pt,1838,es,
pt,1840,es,
pt,1842,es,
pt,1828,es,
pt,1830,es,
pt,1832,es,
pt,1834,es,
pt,1844,es,
pt,1846,es,
pt,1848,es,
pt,1850,es,
pt,1852,es,
pt,1854,es,
pt,1856,es,
pt,1858,es,
pt,1862,es,
pt,1864,es,
pt,1860,es,
pt,1868,es,
pt,1870,es,
pt,1872,es,
pt,1910,es,
pt,1866,es,
pt,1874,es,
pt,1876,es,
pt,1914,es,
pt,1886,es,
pt,1888,es,
pt,1890,es,
pt,1906,es,
pt,1908,es,
pt,1892,es,
pt,1894,es,
pt,1896,es,
pt,1898,es,
pt,1900,es,
pt,1902,es,
pt,1904,es,
pt,1918,es,
pt,1878,es,
pt,1916,es,
pt,168,es,
pt,171,es,
pt,1960,es,
pt,1962,es,
pt,1964,es,
pt,1920,es,
pt,1922,es,
pt,1924,es,
pt,1926,es,
pt,1928,es,
pt,1930,es,
pt,1932,es,
pt,1934,es,
pt,1936,es,
pt,1938,es,
pt,1940,es,
pt,1942,es,
pt,1944,es,
pt,1946,es,
pt,1948,es,
pt,1950,es,
pt,1952,es,
pt,1954,es,
pt,1956,es,
pt,1966,es,
pt,174,es,
pt,2018,es,
pt,1968,es,
pt,2012,es,
pt,1912,es,
pt,1972,es,
pt,1958,es,
pt,1974,es,
pt,1976,es,
pt,1978,es,
pt,1980,es,
pt,1982,es,
pt,1984,es,
pt,1986,es,
pt,1988,es,
pt,1990,es,
pt,1992,es,
pt,1994,es,
pt,1970,es,
pt,2000,es,
pt,2002,es,
pt,2004,es,
pt,2006,es,
pt,1998,es,
pt,2010,es,
pt,2016,es,
pt,2042,es,
pt,2040,es,
pt,2008,es,
pt,176,es,
pt,2020,es,
pt,2022,es,
pt,2024,es,
pt,2026,es,
pt,2028,es,
pt,2030,es,
pt,2032,es,
pt,2034,es,
pt,2036,es,
pt,2044,es,
pt,2074,es,
pt,2072,es,
pt,178,es,
pt,2014,es,
pt,2046,es,
pt,2048,es,
pt,2050,es,
pt,2052,es,
pt,2054,es,
pt,2056,es,
pt,2114,es,
pt,2116,es,
pt,2098,es,
pt,2100,es,
pt,2058,es,
pt,2060,es,
pt,2062,es,
pt,2064,es,
pt,2066,es,
pt,2068,es,
pt,2070,es,
pt,2076,es,
pt,2078,es,
pt,2080,es,
pt,2082,es,
pt,2084,es,
pt,2086,es,
pt,2088,es,
pt,2118,es,
pt,2120,es,
pt,2112,es,
pt,2110,es,
pt,2090,es,
pt,2092,es,
pt,2094,es,
pt,2096,es,
pt,2102,es,
pt,2104,es,
pt,2106,es,
pt,2108,es,
pt,2122,es,
pt,2144,es,
pt,2146,es,
pt,2148,es,
pt,2124,es,
pt,2126,es,
pt,2128,es,
pt,2130,es,
pt,2132,es,
pt,2134,es,
pt,2038,es,
pt,2138,es,
pt,2140,es,
pt,2142,es,
pt,2152,es,
pt,2184,es,
pt,2178,es,
pt,1996,es,
pt,2150,es,
pt,2154,es,
pt,2156,es,
pt,2158,es,
pt,2160,es,
pt,2162,es,
pt,2164,es,
pt,2166,es,
pt,2168,es,
pt,2170,es,
pt,2172,es,
pt,2174,es,
pt,2188,es,
pt,2180,es,
pt,2186,es,
pt,2199,es,
pt,2197,es,
pt,180,es,
pt,2136,es,
pt,2182,es,
pt,2190,es,
pt,2192,es,
pt,2193,es,
pt,2195,es,
pt,2201,es,
pt,2203,es,
pt,2205,es,
pt,2229,es,
pt,2227,es,
pt,2207,es,
pt,2209,es,
pt,2211,es,
pt,2213,es,
pt,2215,es,
pt,2239,es,
pt,2274,es,
pt,2245,es,
pt,2266,es,
pt,2217,es,
pt,2219,es,
pt,2221,es,
pt,2223,es,
pt,2225,es,
pt,2231,es,
pt,2233,es,
pt,2235,es,
pt,2237,es,
pt,2243,es,
pt,2241,es,
pt,2247,es,
pt,2249,es,
pt,2251,es,
pt,2253,es,
pt,2176,es,
pt,2257,es,
pt,2259,es,
pt,2261,es,
pt,2263,es,
pt,2268,es,
pt,2288,es,
pt,2282,es,
pt,2255,es,
pt,2270,es,
pt,2272,es,
pt,2264,es,
pt,2278,es,
pt,2280,es,
pt,2290,es,
pt,2302,es,
pt,2284,es,
pt,2276,es,
pt,2300,es,
pt,2292,es,
pt,2294,es,
pt,2296,es,
pt,2286,es,
pt,2316,es,
pt,2304,es,
pt,2306,es,
pt,183,es,
pt,2386,es,
pt,2326,es,
pt,2308,es,
pt,2310,es,
pt,2312,es,
pt,2314,es,
pt,2318,es,
pt,2322,es,
pt,2324,es,
pt,2328,es,
pt,2330,es,
pt,2332,es,
pt,2334,es,
pt,2336,es,
pt,2338,es,
pt,2340,es,
pt,2342,es,
pt,2344,es,
pt,2346,es,
pt,2348,es,
pt,2350,es,
pt,2352,es,
pt,2354,es,
pt,2356,es,
pt,2358,es,
pt,2360,es,
pt,2362,es,
pt,2364,es,
pt,2366,es,
pt,2368,es,
pt,2370,es,
pt,2372,es,
pt,2374,es,
pt,2376,es,
pt,2378,es,
pt,2380,es,
pt,2382,es,
pt,2384,es,
pt,131,es,8990
pt,2412,es,
pt,2390,es,
pt,2388,es,
pt,2408,es,
pt,2392,es,
pt,2394,es,
pt,2396,es,
pt,2398,es,
pt,2400,es,
pt,2402,es,
pt,2404,es,
pt,2406,es,
pt,2414,es,
pt,2416,es,
pt,2410,es,
pt,2424,es,
pt,2418,es,
pt,2420,es,
pt,189,es,
pt,2298,es,
pt,2444,es,
pt,2434,es,
pt,2426,es,
pt,2428,es,
pt,2430,es,
pt,2432,es,
pt,2436,es,
pt,2438,es,
pt,2440,es,
pt,2442,es,
pt,2448,es,
pt,2450,es,
pt,2460,es,
pt,2462,es,
pt,2446,es,
pt,2468,es,
pt,2482,es,
pt,2422,es,
pt,2452,es,
pt,2454,es,
pt,2456,es,
pt,2488,es,
pt,2458,es,
pt,191,es,8073
pt,2490,es,
pt,2466,es,
pt,2464,es,
pt,2470,es,
pt,2506,es,
pt,2504,es,
pt,165,es,
pt,2472,es,
pt,2474,es,
pt,2476,es,
pt,2478,es,
pt,2480,es,
pt,2484,es,
pt,2510,es,
pt,2508,es,
pt,196,es,
pt,2486,es,
pt,2492,es,
pt,2494,es,
pt,2496,es,
pt,2498,es,
pt,2500,es,
pt,2512,es,
pt,2502,es,
pt,2526,es,
pt,2728,es,
pt,2514,es,
pt,2528,es,
pt,2534,es,
pt,2516,es,
pt,2820,es,
pt,2518,es,
pt,2520,es,
pt,2522,es,
pt,2524,es,
pt,2530,es,
pt,2542,es,
pt,2536,es,
pt,2538,es,
pt,2540,es,
pt,2532,es,
pt,2824,es,
pt,2544,es,
pt,2546,es,
pt,2558,es,
pt,2562,es,
pt,2564,es,
pt,2560,es,
pt,2600,es,
pt,2566,es,
pt,2548,es,
pt,2550,es,
pt,2552,es,
pt,2554,es,
pt,2556,es,
pt,2568,es,
pt,2570,es,
pt,2572,es,
pt,2578,es,
pt,2580,es,
pt,2582,es,
pt,2574,es,
pt,2576,es,
pt,2584,es,
pt,2586,es,
pt,2588,es,
pt,2590,es,
pt,2592,es,
pt,2596,es,
pt,2598,es,
pt,2604,es,
pt,2594,es,
pt,2606,es,
pt,2602,es,
pt,2618,es,
pt,2608,es,
pt,2610,es,
pt,2612,es,
pt,2614,es,
pt,198,es,
pt,2620,es,
pt,2651,es,
pt,2616,es,
pt,2622,es,
pt,2624,es,
pt,2626,es,
pt,2628,es,
pt,2630,es,
pt,2632,es,
pt,2634,es,
pt,2647,es,
pt,2635,es,
pt,2637,es,
pt,2639,es,
pt,2641,es,
pt,2643,es,
pt,2657,es,
pt,2674,es,
pt,2682,es,
pt,2645,es,
pt,2668,es,
pt,2684,es,
pt,2686,es,
pt,2649,es,
pt,201,es,
pt,2688,es,
pt,2653,es,
pt,2655,es,
pt,2690,es,
pt,2670,es,
pt,2659,es,
pt,2661,es,
pt,2662,es,
pt,2664,es,
pt,2692,es,
pt,2724,es,
pt,2826,es,
pt,2720,es,
pt,2666,es,
pt,2680,es,
pt,2672,es,
pt,2676,es,
pt,2678,es,
pt,2694,es,
pt,726,es,
pt,2696,es,
pt,2698,es,
pt,2700,es,
pt,2702,es,
pt,2704,es,
pt,2706,es,
pt,2708,es,
pt,2710,es,
pt,2712,es,
pt,2714,es,
pt,2716,es,
pt,2718,es,
pt,2730,es,
pt,2734,es,
pt,2722,es,
pt,2726,es,
pt,2750,es,
pt,2732,es,
pt,2748,es,
pt,2736,es,
pt,2738,es,
pt,207,es,
pt,2740,es,
pt,2742,es,
pt,2744,es,
pt,2746,es,
pt,2764,es,
pt,2766,es,
pt,209,es,
pt,2784,es,
pt,2788,es,
pt,2786,es,
pt,2754,es,
pt,2762,es,
pt,2752,es,
pt,2760,es,
pt,2756,es,
pt,2758,es,
pt,643,es,
pt,2768,es,
pt,2770,es,
pt,2772,es,
pt,2774,es,
pt,2776,es,
pt,2778,es,
pt,2792,es,
pt,2780,es,
pt,211,es,
pt,213,es,
pt,2782,es,
pt,2790,es,
pt,2796,es,
pt,2794,es,
pt,2798,es,
pt,2808,es,
pt,2800,es,
pt,2802,es,
pt,2804,es,
pt,2845,es,
pt,2806,es,
pt,2814,es,
pt,2810,es,
pt,2812,es,
pt,2816,es,
pt,2818,es,
pt,2942,es,
pt,2828,es,
pt,2860,es,
pt,2822,es,
pt,2944,es,
pt,2843,es,
pt,2830,es,
pt,2831,es,
pt,2833,es,
pt,2835,es,
pt,2837,es,
pt,2839,es,
pt,2841,es,
pt,2854,es,
pt,2847,es,
pt,2848,es,
pt,2850,es,
pt,2864,es,
pt,215,es,
pt,2952,es,
pt,2852,es,
pt,2858,es,
pt,2866,es,
pt,2856,es,
pt,605,es,
pt,2872,es,
pt,217,es,
pt,2962,es,
pt,2868,es,
pt,2862,es,
pt,2870,es,
pt,2884,es,
pt,2886,es,
pt,2876,es,
pt,2874,es,
pt,2878,es,
pt,2888,es,
pt,2890,es,
pt,2892,es,
pt,2900,es,
pt,2978,es,
pt,2880,es,
pt,223,es,
pt,2882,es,
pt,2896,es,
pt,2894,es,
pt,2898,es,
pt,2904,es,
pt,2902,es,
pt,2908,es,
pt,2906,es,
pt,2928,es,
pt,2910,es,
pt,2912,es,
pt,2914,es,
pt,2916,es,
pt,2918,es,
pt,2964,es,
pt,3038,es,
pt,2930,es,
pt,2920,es,
pt,2922,es,
pt,2924,es,
pt,2926,es,
pt,2956,es,
pt,4348,es,
pt,2938,es,
pt,2932,es,
pt,2934,es,
pt,2936,es,
pt,2940,es,
pt,3024,es,
pt,3040,es,
pt,225,es,
pt,2948,es,
pt,2980,es,
pt,4350,es,
pt,227,es,
pt,2946,es,
pt,2950,es,
pt,4352,es,
pt,3042,es,
pt,2954,es,
pt,3032,es,
pt,2968,es,
pt,2982,es,
pt,4354,es,
pt,2960,es,
pt,2970,es,
pt,2958,es,
pt,3044,es,
pt,2972,es,
pt,2992,es,
pt,3066,es,
pt,2966,es,
pt,2974,es,
pt,2976,es,
pt,3004,es,
pt,3034,es,
pt,3008,es,
pt,3006,es,
pt,1670,es,
pt,931,es,
pt,3002,es,
pt,3026,es,
pt,3036,es,
pt,3046,es,
pt,3088,es,
pt,3072,es,
pt,2984,es,
pt,2986,es,
pt,2988,es,
pt,2990,es,
pt,2994,es,
pt,2996,es,
pt,2998,es,
pt,3000,es,
pt,3028,es,
pt,3014,es,
pt,233,es,
pt,3016,es,
pt,3018,es,
pt,3020,es,
pt,3022,es,
pt,3092,es,
pt,3030,es,
pt,3062,es,
pt,3058,es,
pt,3056,es,
pt,3054,es,
pt,3108,es,
pt,3070,es,
pt,235,es,
pt,238,es,
pt,3048,es,
pt,3050,es,
pt,3052,es,
pt,3068,es,
pt,3060,es,
pt,3064,es,
pt,3090,es,
pt,3078,es,
pt,3080,es,
pt,3158,es,
pt,240,es,
pt,3074,es,
pt,3150,es,
pt,3086,es,
pt,3076,es,
pt,3082,es,
pt,3094,es,
pt,3084,es,
pt,243,es,
pt,246,es,
pt,3199,es,
pt,3100,es,
pt,3096,es,
pt,3098,es,
pt,3176,es,
pt,3110,es,
pt,3102,es,
pt,3104,es,
pt,3120,es,
pt,3106,es,
pt,3221,es,
pt,3152,es,
pt,3203,es,
pt,3112,es,
pt,3114,es,
pt,3116,es,
pt,3148,es,
pt,3118,es,
pt,3122,es,
pt,3124,es,
pt,3126,es,
pt,3128,es,
pt,3130,es,
pt,3132,es,
pt,3134,es,
pt,3136,es,
pt,3138,es,
pt,3140,es,
pt,3142,es,
pt,3144,es,
pt,3146,es,
pt,3154,es,
pt,3166,es,
pt,3156,es,
pt,3299,es,
pt,3160,es,
pt,3162,es,
pt,3164,es,
pt,442,es,
pt,3010,es,
pt,3168,es,
pt,3012,es,
pt,3335,es,
pt,3178,es,
pt,3170,es,
pt,3182,es,
pt,261,es,
pt,3174,es,
pt,3301,es,
pt,3180,es,
pt,3183,es,
pt,3185,es,
pt,3172,es,
pt,3187,es,
pt,3189,es,
pt,3217,es,
pt,3191,es,
pt,3193,es,
pt,3195,es,
pt,3201,es,
pt,3197,es,
pt,3303,es,
pt,263,es,
pt,3215,es,
pt,3305,es,
pt,3211,es,
pt,3213,es,
pt,3209,es,
pt,3205,es,
pt,3207,es,
pt,3337,es,
pt,270,es,
pt,3219,es,
pt,272,es,
pt,265,es,
pt,267,es,
pt,3223,es,
pt,274,es,
pt,3345,es,
pt,3351,es,
pt,3347,es,
pt,3349,es,
pt,3343,es,
pt,3233,es,
pt,3225,es,
pt,3333,es,
pt,3231,es,
pt,204,es,
pt,276,es,
pt,3253,es,
pt,3227,es,
pt,3229,es,
pt,3235,es,
pt,3237,es,
pt,3239,es,
pt,3241,es,
pt,3243,es,
pt,3245,es,
pt,3247,es,
pt,3249,es,
pt,3251,es,
pt,284,es,
pt,3255,es,
pt,3257,es,
pt,3259,es,
pt,3261,es,
pt,3263,es,
pt,3265,es,
pt,3267,es,
pt,3269,es,
pt,3271,es,
pt,3273,es,
pt,3275,es,
pt,3277,es,
pt,3279,es,
pt,3281,es,
pt,3283,es,
pt,3285,es,
pt,3287,es,
pt,3289,es,
pt,3291,es,
pt,3293,es,
pt,3297,es,
pt,3295,es,
pt,286,es,
pt,3387,es,
pt,3319,es,
pt,3381,es,
pt,281,es,
pt,3383,es,
pt,3385,es,
pt,3389,es,
pt,3311,es,
pt,3341,es,
pt,291,es,
pt,3307,es,
pt,288,es,
pt,3313,es,
pt,3315,es,
pt,3317,es,
pt,3321,es,
pt,3363,es,
pt,3323,es,
pt,3325,es,
pt,3327,es,
pt,3329,es,
pt,3331,es,
pt,3339,es,
pt,3353,es,
pt,3355,es,
pt,3357,es,
pt,3359,es,
pt,3361,es,
pt,3369,es,
pt,3367,es,
pt,3365,es,
pt,301,es,
pt,299,es,
pt,3309,es,
pt,3375,es,
pt,330,es,
pt,3371,es,
pt,304,es,
pt,3393,es,
pt,3399,es,
pt,3403,es,
pt,3397,es,
pt,3401,es,
pt,293,es,
pt,306,es,
pt,3379,es,
pt,3373,es,
pt,3377,es,
pt,309,es,
pt,3391,es,
pt,3405,es,
pt,311,es,
pt,313,es,
pt,3469,es,
pt,3411,es,
pt,3413,es,
pt,3437,es,
pt,3471,es,
pt,3479,es,
pt,3433,es,
pt,3407,es,
pt,350,es,
pt,3409,es,
pt,3421,es,
pt,3473,es,
pt,3395,es,
pt,315,es,
pt,3415,es,
pt,3417,es,
pt,3419,es,
pt,3423,es,
pt,3425,es,
pt,317,es,
pt,319,es,
pt,252,es,
pt,3522,es,
pt,3475,es,
pt,3429,es,
pt,3427,es,
pt,3435,es,
pt,321,es,
pt,3439,es,
pt,3441,es,
pt,3443,es,
pt,3445,es,
pt,3447,es,
pt,3449,es,
pt,3451,es,
pt,3453,es,
pt,3455,es,
pt,3457,es,
pt,3459,es,
pt,3461,es,
pt,3463,es,
pt,3465,es,
pt,3467,es,
pt,326,es,
pt,3487,es,
pt,328,es,
pt,3533,es,
pt,3548,es,
pt,3542,es,
pt,3477,es,
pt,3483,es,
pt,3481,es,
pt,3485,es,
pt,3489,es,
pt,3491,es,
pt,3493,es,
pt,3495,es,
pt,3497,es,
pt,3499,es,
pt,3501,es,
pt,3503,es,
pt,3505,es,
pt,3506,es,
pt,3520,es,
pt,3524,es,
pt,3539,es,
pt,333,es,
pt,3508,es,
pt,3510,es,
pt,3512,es,
pt,3514,es,
pt,3516,es,
pt,3518,es,
pt,335,es,
pt,3544,es,
pt,3552,es,
pt,3540,es,
pt,3546,es,
pt,3525,es,
pt,3527,es,
pt,3529,es,
pt,3531,es,
pt,3589,es,
pt,337,es,
pt,341,es,
pt,249,es,
pt,343,es,
pt,3562,es,
pt,3583,es,
pt,3556,es,
pt,3550,es,
pt,3554,es,
pt,3564,es,
pt,3535,es,
pt,3537,es,
pt,345,es,
pt,353,es,
pt,347,es,
pt,3570,es,
pt,3657,es,
pt,3566,es,
pt,358,es,
pt,3431,es,
pt,355,es,
pt,363,es,
pt,365,es,
pt,3587,es,
pt,3659,es,
pt,3568,es,
pt,367,es,
pt,369,es,
pt,371,es,
pt,3577,es,
pt,3579,es,
pt,3668,es,
pt,3694,es,
pt,3572,es,
pt,3558,es,
pt,3560,es,
pt,3585,es,
pt,373,es,
pt,375,es,
pt,3661,es,
pt,3664,es,
pt,3728,es,
pt,3798,es,
pt,3666,es,
pt,3574,es,
pt,379,es,
pt,381,es,
pt,377,es,
pt,383,es,
pt,3732,es,
pt,3877,es,
pt,3700,es,
pt,3702,es,
pt,3698,es,
pt,3581,es,
pt,360,es,
pt,386,es,
pt,3591,es,
pt,3593,es,
pt,3595,es,
pt,3597,es,
pt,3599,es,
pt,3601,es,
pt,3603,es,
pt,3605,es,
pt,3607,es,
pt,3609,es,
pt,3611,es,
pt,3613,es,
pt,3615,es,
pt,3617,es,
pt,3619,es,
pt,3621,es,
pt,388,es,
pt,3623,es,
pt,3625,es,
pt,3627,es,
pt,3629,es,
pt,3631,es,
pt,3633,es,
pt,3635,es,
pt,3637,es,
pt,3639,es,
pt,3641,es,
pt,3643,es,
pt,3645,es,
pt,3647,es,
pt,3649,es,
pt,3651,es,
pt,3653,es,
pt,3655,es,
pt,3670,es,
pt,3672,es,
pt,390,es,
pt,3734,es,
pt,3704,es,
pt,3708,es,
pt,4060,es,
pt,3706,es,
pt,393,es,
pt,3674,es,
pt,3676,es,
pt,3678,es,
pt,3680,es,
pt,3682,es,
pt,3684,es,
pt,3686,es,
pt,3688,es,
pt,3690,es,
pt,3692,es,
pt,3756,es,
pt,3794,es,
pt,498,es,
pt,3696,es,
pt,3710,es,
pt,3712,es,
pt,3714,es,
pt,3716,es,
pt,3722,es,
pt,3726,es,
pt,3730,es,
pt,3758,es,
pt,3760,es,
pt,3762,es,
pt,3718,es,
pt,3720,es,
pt,3768,es,
pt,398,es,
pt,400,es,
pt,3736,es,
pt,3772,es,
pt,395,es,
pt,402,es,
pt,404,es,
pt,407,es,
pt,3774,es,
pt,3778,es,
pt,409,es,
pt,411,es,
pt,3776,es,
pt,3800,es,
pt,3738,es,
pt,3740,es,
pt,3742,es,
pt,3744,es,
pt,3746,es,
pt,3748,es,
pt,3750,es,
pt,3752,es,
pt,3754,es,
pt,3764,es,
pt,3766,es,
pt,3770,es,
pt,413,es,
pt,3796,es,
pt,415,es,
pt,472,es,
pt,3854,es,
pt,3805,es,
pt,3807,es,
pt,3873,es,
pt,3780,es,
pt,417,es,
pt,3782,es,
pt,3879,es,
pt,3784,es,
pt,3786,es,
pt,3788,es,
pt,3790,es,
pt,3792,es,
pt,3875,es,
pt,3804,es,
pt,541,es,
pt,3881,es,
pt,419,es,
pt,760,es,
pt,3802,es,
pt,3891,es,
pt,3883,es,
pt,3809,es,
pt,3811,es,
pt,3813,es,
pt,3867,es,
pt,3869,es,
pt,425,es,
pt,428,es,
pt,3889,es,
pt,3885,es,
pt,651,es,
pt,3862,es,
pt,3815,es,
pt,3817,es,
pt,3818,es,
pt,3820,es,
pt,3821,es,
pt,3822,es,
pt,3823,es,
pt,3824,es,
pt,3825,es,
pt,3826,es,
pt,3827,es,
pt,3828,es,
pt,3829,es,
pt,3830,es,
pt,3831,es,
pt,3832,es,
pt,3833,es,
pt,3834,es,
pt,3835,es,
pt,3836,es,
pt,3837,es,
pt,3838,es,
pt,3840,es,
pt,3842,es,
pt,3844,es,
pt,3845,es,
pt,3847,es,
pt,3849,es,
pt,3850,es,
pt,3852,es,
pt,3853,es,
pt,3856,es,
pt,3858,es,
pt,3859,es,
pt,3860,es,
pt,3861,es,
pt,3865,es,
pt,3866,es,
pt,3871,es,
pt,3911,es,
pt,3913,es,
pt,3897,es,
pt,560,es,
pt,3901,es,
pt,434,es,
pt,3899,es,
pt,3923,es,
pt,3942,es,
pt,3948,es,
pt,3887,es,
pt,439,es,
pt,437,es,
pt,3966,es,
pt,3903,es,
pt,3893,es,
pt,3895,es,
pt,4052,es,
pt,4152,es,
pt,3950,es,
pt,3905,es,
pt,3907,es,
pt,3909,es,
pt,3919,es,
pt,3925,es,
pt,3927,es,
pt,4157,es,
pt,3915,es,
pt,3917,es,
pt,3921,es,
pt,3940,es,
pt,3929,es,
pt,3930,es,
pt,3932,es,
pt,3934,es,
pt,3936,es,
pt,3938,es,
pt,3944,es,
pt,3968,es,
pt,4186,es,
pt,445,es,
pt,3952,es,
pt,3954,es,
pt,3946,es,
pt,3956,es,
pt,4058,es,
pt,3958,es,
pt,3960,es,
pt,3962,es,
pt,3964,es,
pt,3970,es,
pt,802,es,
pt,3972,es,
pt,4208,es,
pt,4210,es,
pt,4084,es,
pt,3974,es,
pt,3976,es,
pt,3978,es,
pt,3980,es,
pt,3984,es,
pt,3982,es,
pt,3986,es,
pt,3988,es,
pt,3990,es,
pt,3992,es,
pt,3996,es,
pt,3994,es,
pt,3998,es,
pt,4000,es,
pt,4002,es,
pt,4004,es,
pt,4006,es,
pt,4008,es,
pt,4012,es,
pt,4010,es,
pt,4014,es,
pt,4016,es,
pt,4018,es,
pt,4020,es,
pt,4022,es,
pt,4024,es,
pt,448,es,
pt,4026,es,
pt,4028,es,
pt,4030,es,
pt,4032,es,
pt,4034,es,
pt,4036,es,
pt,4038,es,
pt,4040,es,
pt,4042,es,
pt,4044,es,
pt,4046,es,
pt,4048,es,
pt,4050,es,
pt,4054,es,
pt,4056,es,
pt,454,es,
pt,4066,es,
pt,4086,es,
pt,4214,es,
pt,451,es,
pt,4062,es,
pt,4064,es,
pt,4068,es,
pt,4070,es,
pt,4072,es,
pt,4074,es,
pt,4076,es,
pt,4078,es,
pt,4080,es,
pt,4082,es,
pt,4190,es,
pt,4192,es,
pt,4088,es,
pt,4089,es,
pt,4090,es,
pt,4091,es,
pt,4092,es,
pt,4093,es,
pt,4111,es,
pt,4094,es,
pt,4096,es,
pt,4097,es,
pt,4099,es,
pt,4100,es,
pt,4101,es,
pt,4156,es,
pt,4159,es,
pt,4103,es,
pt,4105,es,
pt,4107,es,
pt,4109,es,
pt,4112,es,
pt,4114,es,
pt,4116,es,
pt,4118,es,
pt,4120,es,
pt,4124,es,
pt,4122,es,
pt,4126,es,
pt,4128,es,
pt,4130,es,
pt,4132,es,
pt,4134,es,
pt,4136,es,
pt,4138,es,
pt,4140,es,
pt,4142,es,
pt,4144,es,
pt,4146,es,
pt,4148,es,
pt,4154,es,
pt,4150,es,
pt,4218,es,
pt,4188,es,
pt,457,es,
pt,460,es,
pt,504,es,
pt,4198,es,
pt,4160,es,
pt,4162,es,
pt,4164,es,
pt,4166,es,
pt,4168,es,
pt,4170,es,
pt,4172,es,
pt,4174,es,
pt,4176,es,
pt,4178,es,
pt,4180,es,
pt,4182,es,
pt,4184,es,
pt,4196,es,
pt,4224,es,
pt,4200,es,
pt,4194,es,
pt,4222,es,
pt,4220,es,
pt,463,es,
pt,4212,es,
pt,4206,es,
pt,4204,es,
pt,4202,es,
pt,4288,es,
pt,466,es,
pt,4284,es,
pt,4242,es,
pt,4244,es,
pt,4216,es,
pt,4336,es,
pt,469,es,
pt,4254,es,
pt,4424,es,
pt,4226,es,
pt,4228,es,
pt,4232,es,
pt,4234,es,
pt,4252,es,
pt,4230,es,
pt,4286,es,
pt,4238,es,
pt,4236,es,
pt,4240,es,
pt,4246,es,
pt,4248,es,
pt,4296,es,
pt,474,es,
pt,4300,es,
pt,4298,es,
pt,4312,es,
pt,4290,es,
pt,4250,es,
pt,4346,es,
pt,4316,es,
pt,477,es,
pt,4338,es,
pt,4310,es,
pt,4264,es,
pt,4342,es,
pt,4426,es,
pt,4314,es,
pt,4344,es,
pt,4260,es,
pt,4266,es,
pt,4268,es,
pt,4270,es,
pt,4272,es,
pt,4274,es,
pt,4276,es,
pt,4278,es,
pt,4280,es,
pt,4282,es,
pt,4318,es,
pt,4355,es,
pt,4320,es,
pt,4322,es,
pt,4324,es,
pt,4365,es,
pt,4330,es,
pt,4326,es,
pt,4340,es,
pt,4328,es,
pt,4292,es,
pt,4294,es,
pt,4302,es,
pt,4304,es,
pt,4306,es,
pt,4308,es,
pt,4357,es,
pt,4373,es,
pt,4359,es,
pt,945,es,
pt,4375,es,
pt,4398,es,
pt,4367,es,
pt,4361,es,
pt,4369,es,
pt,4371,es,
pt,4376,es,
pt,4396,es,
pt,4332,es,
pt,4334,es,
pt,4382,es,
pt,501,es,
pt,4390,es,
pt,4384,es,
pt,4406,es,
pt,4420,es,
pt,485,es,
pt,4422,es,
pt,4414,es,
pt,4392,es,
pt,483,es,
pt,4404,es,
pt,4432,es,
pt,4394,es,
pt,4434,es,
pt,4410,es,
pt,4430,es,
pt,4363,es,
pt,4447,es,
pt,4428,es,
pt,4418,es,
pt,4386,es,
pt,4378,es,
pt,4380,es,
pt,4457,es,
pt,488,es,
pt,4388,es,
pt,4449,es,
pt,4451,es,
pt,4453,es,
pt,4469,es,
pt,4443,es,
pt,4445,es,
pt,4436,es,
pt,4400,es,
pt,491,es,
pt,4408,es,
pt,4492,es,
pt,4402,es,
pt,4518,es,
pt,4439,es,
pt,4412,es,
pt,4416,es,
pt,4441,es,
pt,323,es,
pt,4477,es,
pt,4473,es,
pt,4471,es,
pt,296,es,
pt,4475,es,
pt,4522,es,
pt,494,es,
pt,4459,es,
pt,4461,es,
pt,4579,es,
pt,4463,es,
pt,4561,es,
pt,4455,es,
pt,4465,es,
pt,4488,es,
pt,4484,es,
pt,4571,es,
pt,4575,es,
pt,4482,es,
pt,4486,es,
pt,4569,es,
pt,4573,es,
pt,4615,es,
pt,4577,es,
pt,4467,es,
pt,4632,es,
pt,4480,es,
pt,4478,es,
pt,4650,es,
pt,4526,es,
pt,507,es,
pt,4494,es,
pt,4648,es,
pt,4512,es,
pt,4524,es,
pt,4528,es,
pt,4504,es,
pt,4500,es,
pt,4502,es,
pt,4514,es,
pt,4498,es,
pt,510,es,
pt,4506,es,
pt,4510,es,
pt,4508,es,
pt,4516,es,
pt,4496,es,
pt,4490,es,
pt,4520,es,
pt,4652,es,
pt,4530,es,
pt,4532,es,
pt,4534,es,
pt,6170,es,
pt,4536,es,
pt,4538,es,
pt,516,es,
pt,4553,es,
pt,512,es,
pt,4542,es,
pt,4544,es,
pt,4546,es,
pt,4540,es,
pt,514,es,
pt,4630,es,
pt,4680,es,
pt,4688,es,
pt,4549,es,
pt,4548,es,
pt,4551,es,
pt,4555,es,
pt,519,es,
pt,4559,es,
pt,6166,es,
pt,4557,es,
pt,4581,es,
pt,4619,es,
pt,4623,es,
pt,4625,es,
pt,4617,es,
pt,4567,es,
pt,4621,es,
pt,4654,es,
pt,4563,es,
pt,4565,es,
pt,4583,es,
pt,4585,es,
pt,4587,es,
pt,4589,es,
pt,4591,es,
pt,4595,es,
pt,4593,es,
pt,4599,es,
pt,4597,es,
pt,4601,es,
pt,4605,es,
pt,4607,es,
pt,4603,es,
pt,4609,es,
pt,4613,es,
pt,4611,es,
pt,521,es,
pt,4627,es,
pt,4629,es,
pt,4660,es,
pt,524,es,
pt,4658,es,
pt,4666,es,
pt,4646,es,
pt,4662,es,
pt,4656,es,
pt,4668,es,
pt,4781,es,
pt,4759,es,
pt,4634,es,
pt,4638,es,
pt,4636,es,
pt,4640,es,
pt,4670,es,
pt,4642,es,
pt,4644,es,
pt,527,es,
pt,530,es,
pt,535,es,
pt,4674,es,
pt,4807,es,
pt,4753,es,
pt,4721,es,
pt,4678,es,
pt,4664,es,
pt,533,es,
pt,4672,es,
pt,4795,es,
pt,538,es,
pt,4682,es,
pt,4700,es,
pt,4720,es,
pt,4676,es,
pt,4710,es,
pt,4684,es,
pt,4711,es,
pt,4702,es,
pt,4690,es,
pt,4706,es,
pt,4827,es,
pt,4686,es,
pt,4692,es,
pt,4696,es,
pt,4723,es,
pt,4704,es,
pt,4708,es,
pt,4716,es,
pt,4694,es,
pt,4698,es,
pt,4725,es,
pt,4785,es,
pt,4809,es,
pt,4714,es,
pt,546,es,
pt,4745,es,
pt,4741,es,
pt,543,es,
pt,4747,es,
pt,4739,es,
pt,4811,es,
pt,4731,es,
pt,496,es,
pt,4727,es,
pt,4729,es,
pt,4749,es,
pt,4775,es,
pt,4769,es,
pt,4771,es,
pt,4755,es,
pt,4761,es,
pt,549,es,
pt,4733,es,
pt,4735,es,
pt,4737,es,
pt,4743,es,
pt,4751,es,
pt,4813,es,
pt,4831,es,
pt,551,es,
pt,4757,es,
pt,4779,es,
pt,4773,es,
pt,554,es,
pt,4777,es,
pt,4833,es,
pt,4793,es,
pt,4801,es,
pt,4797,es,
pt,4835,es,
pt,4791,es,
pt,4763,es,
pt,4765,es,
pt,4767,es,
pt,4783,es,
pt,4789,es,
pt,4787,es,
pt,4853,es,
pt,4866,es,
pt,4815,es,
pt,4855,es,
pt,4805,es,
pt,4849,es,
pt,4861,es,
pt,4799,es,
pt,4803,es,
pt,4817,es,
pt,4819,es,
pt,4829,es,
pt,4882,es,
pt,4880,es,
pt,4884,es,
pt,5010,es,
pt,5070,es,
pt,4839,es,
pt,4863,es,
pt,4941,es,
pt,4865,es,
pt,4967,es,
pt,4837,es,
pt,4841,es,
pt,4843,es,
pt,4845,es,
pt,4847,es,
pt,4851,es,
pt,4929,es,
pt,4933,es,
pt,4931,es,
pt,4992,es,
pt,562,es,
pt,557,es,
pt,4906,es,
pt,4859,es,
pt,4857,es,
pt,4868,es,
pt,4908,es,
pt,4870,es,
pt,4910,es,
pt,4874,es,
pt,4872,es,
pt,4876,es,
pt,4878,es,
pt,5086,es,
pt,5088,es,
pt,5090,es,
pt,4886,es,
pt,4888,es,
pt,4890,es,
pt,4892,es,
pt,4894,es,
pt,4896,es,
pt,4898,es,
pt,4900,es,
pt,4904,es,
pt,4902,es,
pt,4969,es,
pt,4996,es,
pt,4943,es,
pt,4949,es,
pt,4935,es,
pt,4947,es,
pt,4945,es,
pt,4937,es,
pt,565,es,
pt,4957,es,
pt,4913,es,
pt,4953,es,
pt,4911,es,
pt,4915,es,
pt,4921,es,
pt,4917,es,
pt,4919,es,
pt,4925,es,
pt,4923,es,
pt,4927,es,
pt,4973,es,
pt,4951,es,
pt,4971,es,
pt,4998,es,
pt,4955,es,
pt,4963,es,
pt,4965,es,
pt,4939,es,
pt,4961,es,
pt,4959,es,
pt,5034,es,
pt,4978,es,
pt,5030,es,
pt,4988,es,
pt,5000,es,
pt,4990,es,
pt,4986,es,
pt,5022,es,
pt,4980,es,
pt,4984,es,
pt,4994,es,
pt,4982,es,
pt,5048,es,
pt,4975,es,
pt,567,es,
pt,5024,es,
pt,5008,es,
pt,5032,es,
pt,5002,es,
pt,569,es,
pt,5006,es,
pt,5004,es,
pt,5016,es,
pt,5020,es,
pt,5092,es,
pt,5058,es,
pt,5052,es,
pt,572,es,
pt,5108,es,
pt,5014,es,
pt,5012,es,
pt,5018,es,
pt,5026,es,
pt,5028,es,
pt,5054,es,
pt,582,es,
pt,5068,es,
pt,5114,es,
pt,972,es,
pt,5036,es,
pt,5038,es,
pt,5040,es,
pt,5042,es,
pt,5046,es,
pt,5044,es,
pt,5202,es,
pt,5206,es,
pt,5210,es,
pt,5208,es,
pt,5056,es,
pt,588,es,
pt,5094,es,
pt,5123,es,
pt,585,es,
pt,5050,es,
pt,580,es,
pt,5096,es,
pt,5060,es,
pt,5062,es,
pt,5064,es,
pt,5066,es,
pt,5098,es,
pt,5100,es,
pt,593,es,
pt,5106,es,
pt,591,es,
pt,5140,es,
pt,5074,es,
pt,5072,es,
pt,5078,es,
pt,5076,es,
pt,5080,es,
pt,5082,es,
pt,5084,es,
pt,5156,es,
pt,5144,es,
pt,5158,es,
pt,5166,es,
pt,5102,es,
pt,5104,es,
pt,5125,es,
pt,5110,es,
pt,5127,es,
pt,5129,es,
pt,5146,es,
pt,596,es,
pt,5118,es,
pt,598,es,
pt,5112,es,
pt,5134,es,
pt,5168,es,
pt,601,es,
pt,5116,es,
pt,603,es,
pt,1002,es,
pt,5150,es,
pt,5131,es,
pt,5136,es,
pt,5148,es,
pt,5142,es,
pt,5154,es,
pt,5138,es,
pt,5170,es,
pt,5160,es,
pt,5328,es,
pt,5172,es,
pt,609,es,
pt,607,es,
pt,5152,es,
pt,5326,es,
pt,5330,es,
pt,5332,es,
pt,5187,es,
pt,5164,es,
pt,5174,es,
pt,883,es,
pt,5334,es,
pt,5348,es,
pt,5180,es,
pt,613,es,
pt,611,es,
pt,616,es,
pt,5198,es,
pt,5162,es,
pt,5189,es,
pt,5178,es,
pt,621,es,
pt,5176,es,
pt,5185,es,
pt,5182,es,
pt,5183,es,
pt,5195,es,
pt,5193,es,
pt,5197,es,
pt,5194,es,
pt,5196,es,
pt,632,es,
pt,626,es,
pt,629,es,
pt,5238,es,
pt,5232,es,
pt,5204,es,
pt,5200,es,
pt,6770,es,
pt,5191,es,
pt,5230,es,
pt,635,es,
pt,624,es,
pt,5242,es,
pt,5244,es,
pt,578,es,
pt,577,es,
pt,5216,es,
pt,6301,es,
pt,5214,es,
pt,6305,es,
pt,637,es,
pt,646,es,
pt,5240,es,
pt,640,es,
pt,5218,es,
pt,5220,es,
pt,5224,es,
pt,5222,es,
pt,5226,es,
pt,649,es,
pt,654,es,
pt,575,es,
pt,278,es,
pt,5228,es,
pt,5248,es,
pt,5246,es,
pt,656,es,
pt,5234,es,
pt,660,es,
pt,5262,es,
pt,5236,es,
pt,5250,es,
pt,658,es,
pt,680,es,
pt,674,es,
pt,671,es,
pt,668,es,
pt,665,es,
pt,662,es,
pt,5294,es,
pt,683,es,
pt,677,es,
pt,686,es,
pt,5268,es,
pt,688,es,
pt,707,es,
pt,710,es,
pt,5252,es,
pt,704,es,
pt,698,es,
pt,695,es,
pt,701,es,
pt,5272,es,
pt,691,es,
pt,693,es,
pt,5260,es,
pt,5266,es,
pt,5264,es,
pt,5256,es,
pt,5254,es,
pt,713,es,
pt,5274,es,
pt,5258,es,
pt,5290,es,
pt,5280,es,
pt,5278,es,
pt,5370,es,
pt,5443,es,
pt,5619,es,
pt,716,es,
pt,5302,es,
pt,5270,es,
pt,5276,es,
pt,5287,es,
pt,5285,es,
pt,5284,es,
pt,5288,es,
pt,5296,es,
pt,5306,es,
pt,5314,es,
pt,5292,es,
pt,5298,es,
pt,5300,es,
pt,719,es,
pt,721,es,
pt,5304,es,
pt,5310,es,
pt,5399,es,
pt,723,es,
pt,1152,es,
pt,5320,es,
pt,5312,es,
pt,5282,es,
pt,960,es,
pt,5318,es,
pt,5338,es,
pt,728,es,
pt,5308,es,
pt,731,es,
pt,734,es,
pt,5336,es,
pt,5352,es,
pt,5350,es,
pt,5344,es,
pt,5340,es,
pt,5342,es,
pt,5346,es,
pt,5405,es,
pt,5368,es,
pt,5358,es,
pt,5356,es,
pt,5362,es,
pt,5364,es,
pt,5354,es,
pt,5366,es,
pt,5360,es,
pt,5374,es,
pt,5407,es,
pt,5372,es,
pt,5376,es,
pt,5382,es,
pt,5380,es,
pt,5384,es,
pt,5378,es,
pt,5388,es,
pt,5390,es,
pt,5386,es,
pt,5392,es,
pt,5401,es,
pt,5411,es,
pt,5413,es,
pt,737,es,
pt,5394,es,
pt,5403,es,
pt,5419,es,
pt,5322,es,
pt,5421,es,
pt,5409,es,
pt,5417,es,
pt,5453,es,
pt,5459,es,
pt,5425,es,
pt,5431,es,
pt,5423,es,
pt,5491,es,
pt,5472,es,
pt,5445,es,
pt,5429,es,
pt,5397,es,
pt,5441,es,
pt,749,es,
pt,5447,es,
pt,746,es,
pt,743,es,
pt,5437,es,
pt,5449,es,
pt,5415,es,
pt,5435,es,
pt,5461,es,
pt,5465,es,
pt,5511,es,
pt,5457,es,
pt,5455,es,
pt,5644,es,
pt,5433,es,
pt,5469,es,
pt,5476,es,
pt,5474,es,
pt,5513,es,
pt,5463,es,
pt,5654,es,
pt,5439,es,
pt,5487,es,
pt,752,es,
pt,754,es,
pt,5489,es,
pt,5515,es,
pt,5484,es,
pt,757,es,
pt,5486,es,
pt,5482,es,
pt,951,es,
pt,5451,es,
pt,5324,es,
pt,5316,es,
pt,5478,es,
pt,5497,es,
pt,1119,es,
pt,778,es,
pt,769,es,
pt,5501,es,
pt,763,es,
pt,5517,es,
pt,5505,es,
pt,766,es,
pt,775,es,
pt,5480,es,
pt,865,es,
pt,5495,es,
pt,781,es,
pt,5519,es,
pt,5525,es,
pt,5507,es,
pt,5503,es,
pt,5467,es,
pt,5548,es,
pt,5509,es,
pt,5521,es,
pt,5556,es,
pt,5595,es,
pt,5523,es,
pt,5642,es,
pt,5611,es,
pt,787,es,
pt,5528,es,
pt,5493,es,
pt,5530,es,
pt,5546,es,
pt,5552,es,
pt,796,es,
pt,5558,es,
pt,5554,es,
pt,5560,es,
pt,5550,es,
pt,5636,es,
pt,5568,es,
pt,784,es,
pt,5536,es,
pt,5532,es,
pt,5534,es,
pt,5540,es,
pt,5538,es,
pt,5542,es,
pt,5544,es,
pt,799,es,
pt,5566,es,
pt,5564,es,
pt,5562,es,
pt,916,es,
pt,5589,es,
pt,5574,es,
pt,5572,es,
pt,5578,es,
pt,5470,es,
pt,808,es,
pt,811,es,
pt,5582,es,
pt,5584,es,
pt,5580,es,
pt,5587,es,
pt,5748,es,
pt,1170,es,
pt,856,es,
pt,5630,es,
pt,5593,es,
pt,5613,es,
pt,5599,es,
pt,820,es,
pt,5597,es,
pt,814,es,
pt,817,es,
pt,823,es,
pt,5752,es,
pt,5602,es,
pt,5609,es,
pt,5607,es,
pt,5617,es,
pt,5658,es,
pt,5623,es,
pt,829,es,
pt,826,es,
pt,5499,es,
pt,5640,es,
pt,5621,es,
pt,5632,es,
pt,832,es,
pt,5628,es,
pt,258,es,
pt,987,es,
pt,5646,es,
pt,5576,es,
pt,5650,es,
pt,5625,es,
pt,5627,es,
pt,5638,es,
pt,5634,es,
pt,5605,es,
pt,841,es,
pt,5660,es,
pt,5664,es,
pt,844,es,
pt,5526,es,
pt,5652,es,
pt,5648,es,
pt,847,es,
pt,853,es,
pt,850,es,
pt,5740,es,
pt,5615,es,
pt,5656,es,
pt,859,es,
pt,5744,es,
pt,5668,es,
pt,981,es,
pt,5662,es,
pt,5666,es,
pt,5672,es,
pt,5674,es,
pt,5682,es,
pt,5676,es,
pt,5680,es,
pt,5678,es,
pt,877,es,
pt,5686,es,
pt,5688,es,
pt,5684,es,
pt,5690,es,
pt,5692,es,
pt,868,es,
pt,862,es,
pt,5720,es,
pt,5734,es,
pt,5696,es,
pt,5704,es,
pt,740,es,
pt,5708,es,
pt,5728,es,
pt,5716,es,
pt,5718,es,
pt,5706,es,
pt,5732,es,
pt,5738,es,
pt,874,es,
pt,5712,es,
pt,5710,es,
pt,5726,es,
pt,5746,es,
pt,5722,es,
pt,5736,es,
pt,838,es,
pt,5702,es,
pt,5698,es,
pt,5714,es,
pt,5724,es,
pt,5694,es,
pt,5570,es,
pt,5730,es,
pt,5700,es,
pt,5750,es,
pt,5756,es,
pt,5758,es,
pt,889,es,
pt,892,es,
pt,880,es,
pt,5742,es,
pt,5670,es,
pt,5767,es,
pt,5769,es,
pt,5760,es,
pt,925,es,
pt,904,es,
pt,901,es,
pt,898,es,
pt,895,es,
pt,5943,es,
pt,871,es,
pt,5754,es,
pt,5773,es,
pt,5777,es,
pt,5771,es,
pt,5591,es,
pt,5761,es,
pt,913,es,
pt,5775,es,
pt,910,es,
pt,835,es,
pt,5779,es,
pt,5781,es,
pt,5791,es,
pt,5785,es,
pt,5793,es,
pt,922,es,
pt,919,es,
pt,5789,es,
pt,5797,es,
pt,5815,es,
pt,5799,es,
pt,5783,es,
pt,5787,es,
pt,5795,es,
pt,5801,es,
pt,5813,es,
pt,5803,es,
pt,907,es,
pt,5811,es,
pt,5807,es,
pt,5765,es,
pt,5809,es,
pt,5823,es,
pt,928,es,
pt,1155,es,
pt,1089,es,
pt,939,es,
pt,936,es,
pt,5855,es,
pt,422,es,
pt,5821,es,
pt,5819,es,
pt,5817,es,
pt,5827,es,
pt,5829,es,
pt,5825,es,
pt,5835,es,
pt,5831,es,
pt,5833,es,
pt,5837,es,
pt,5839,es,
pt,5845,es,
pt,5843,es,
pt,5841,es,
pt,5851,es,
pt,5847,es,
pt,5853,es,
pt,5849,es,
pt,5859,es,
pt,5863,es,
pt,957,es,
pt,5867,es,
pt,186,es,
pt,5857,es,
pt,5865,es,
pt,5869,es,
pt,5861,es,
pt,5873,es,
pt,5877,es,
pt,5871,es,
pt,5875,es,
pt,5879,es,
pt,5885,es,
pt,5883,es,
pt,5881,es,
pt,5887,es,
pt,5893,es,
pt,5891,es,
pt,5895,es,
pt,5889,es,
pt,5897,es,
pt,5899,es,
pt,5903,es,
pt,5901,es,
pt,5905,es,
pt,5907,es,
pt,5921,es,
pt,1164,es,
pt,5915,es,
pt,5913,es,
pt,5937,es,
pt,5911,es,
pt,5909,es,
pt,6029,es,
pt,6035,es,
pt,5949,es,
pt,975,es,
pt,5939,es,
pt,5919,es,
pt,5917,es,
pt,5925,es,
pt,5923,es,
pt,5927,es,
pt,5935,es,
pt,5931,es,
pt,5929,es,
pt,5933,es,
pt,966,es,
pt,5965,es,
pt,6027,es,
pt,6045,es,
pt,6160,es,
pt,6162,es,
pt,5979,es,
pt,6025,es,
pt,6021,es,
pt,6003,es,
pt,6017,es,
pt,6015,es,
pt,5945,es,
pt,5985,es,
pt,6009,es,
pt,6005,es,
pt,990,es,
pt,6011,es,
pt,6007,es,
pt,6001,es,
pt,5999,es,
pt,5977,es,
pt,5959,es,
pt,6023,es,
pt,6019,es,
pt,5957,es,
pt,5961,es,
pt,5969,es,
pt,5963,es,
pt,5967,es,
pt,5975,es,
pt,5971,es,
pt,5973,es,
pt,1026,es,
pt,6013,es,
pt,5981,es,
pt,5983,es,
pt,5991,es,
pt,5987,es,
pt,5993,es,
pt,5989,es,
pt,5997,es,
pt,5995,es,
pt,5953,es,
pt,5951,es,
pt,5955,es,
pt,6053,es,
pt,6126,es,
pt,6124,es,
pt,6031,es,
pt,6033,es,
pt,6037,es,
pt,948,es,
pt,6040,es,
pt,5763,es,
pt,886,es,
pt,942,es,
pt,1005,es,
pt,6043,es,
pt,6057,es,
pt,6055,es,
pt,6059,es,
pt,6065,es,
pt,6061,es,
pt,6063,es,
pt,6067,es,
pt,6073,es,
pt,6071,es,
pt,1014,es,
pt,6069,es,
pt,1011,es,
pt,6077,es,
pt,6075,es,
pt,1017,es,
pt,6081,es,
pt,6079,es,
pt,6085,es,
pt,6083,es,
pt,6089,es,
pt,6087,es,
pt,6091,es,
pt,6093,es,
pt,6099,es,
pt,6097,es,
pt,6095,es,
pt,6103,es,
pt,6101,es,
pt,6107,es,
pt,6105,es,
pt,6109,es,
pt,6115,es,
pt,6111,es,
pt,6113,es,
pt,6117,es,
pt,6122,es,
pt,6119,es,
pt,1020,es,
pt,999,es,
pt,954,es,
pt,5947,es,
pt,6050,es,
pt,6047,es,
pt,993,es,
pt,996,es,
pt,1116,es,
pt,6130,es,
pt,6128,es,
pt,6136,es,
pt,1023,es,
pt,6132,es,
pt,6140,es,
pt,6134,es,
pt,6138,es,
pt,6142,es,
pt,6146,es,
pt,6148,es,
pt,6144,es,
pt,1029,es,
pt,1035,es,
pt,6150,es,
pt,6156,es,
pt,6154,es,
pt,6152,es,
pt,6158,es,
pt,1038,es,
pt,6164,es,
pt,6168,es,
pt,6172,es,
pt,6174,es,
pt,6176,es,
pt,6178,es,
pt,6182,es,
pt,6180,es,
pt,1041,es,
pt,6186,es,
pt,6184,es,
pt,6188,es,
pt,6192,es,
pt,6190,es,
pt,6195,es,
pt,6193,es,
pt,6197,es,
pt,6199,es,
pt,790,es,
pt,1068,es,
pt,6205,es,
pt,6201,es,
pt,6207,es,
pt,6211,es,
pt,6209,es,
pt,6203,es,
pt,6213,es,
pt,6217,es,
pt,6221,es,
pt,6225,es,
pt,6223,es,
pt,6219,es,
pt,6227,es,
pt,6231,es,
pt,6229,es,
pt,6233,es,
pt,6235,es,
pt,6239,es,
pt,6237,es,
pt,6243,es,
pt,6241,es,
pt,6249,es,
pt,6245,es,
pt,6257,es,
pt,6253,es,
pt,6247,es,
pt,6251,es,
pt,6255,es,
pt,6261,es,
pt,6263,es,
pt,6259,es,
pt,6265,es,
pt,6269,es,
pt,6271,es,
pt,6267,es,
pt,6273,es,
pt,6275,es,
pt,6277,es,
pt,6283,es,
pt,6281,es,
pt,6285,es,
pt,6279,es,
pt,255,es,
pt,6289,es,
pt,1047,es,
pt,5941,es,
pt,6287,es,
pt,1050,es,
pt,6291,es,
pt,1053,es,
pt,6293,es,
pt,6296,es,
pt,1056,es,
pt,1059,es,
pt,6298,es,
pt,1065,es,
pt,1062,es,
pt,933,es,
pt,1032,es,
pt,1077,es,
pt,1080,es,
pt,1083,es,
pt,1074,es,
pt,1092,es,
pt,1134,es,
pt,1071,es,
pt,1008,es,
pt,1086,es,
pt,963,es,
pt,1113,es,
pt,1095,es,
pt,1101,es,
pt,1098,es,
pt,1110,es,
pt,1104,es,
pt,1122,es,
pt,6303,es,
pt,6215,es,
pt,1131,es,
pt,1044,es,
pt,1128,es,
pt,984,es,
pt,1125,es,
pt,1143,es,
pt,1140,es,
pt,1137,es,
pt,978,es,
pt,1161,es,
pt,1146,es,
pt,480,es,
pt,193,es,
pt,1149,es,
pt,431,es,
pt,969,es,
pt,1158,es,
pt,1173,es,
pt,1167,es,
pt,1107,es,
pt,772,es,
pt,5805,es,